t_sim_s,speed_rad_s,theta_e_rad,dutyA,dutyB,dutyC,iq_A,vq_V,vd_V
24.412083000,100.000001,4.366643830,0.349603,0.650397,0.543250,0.015931,5.174412,-0.033759
24.452207000,99.999994,1.566687570,0.625607,0.385899,0.374393,-0.029089,4.808562,0.228494
24.493098000,100.000008,5.356717610,0.357159,0.465838,0.642841,0.010928,4.892102,0.143285
24.533680000,100.000013,2.739962470,0.591121,0.627693,0.372307,-0.039213,4.686819,0.076990
24.581373000,100.000019,2.967609180,0.549564,0.640064,0.359936,-0.030977,4.851796,-0.056036
24.630538000,100.000013,3.784057820,0.366329,0.633671,0.397019,-0.024675,4.965154,-0.058525
24.671726000,100.000000,1.409703340,0.636463,0.363537,0.398952,0.034440,4.917697,-0.148673
24.721392000,100.000000,2.426547250,0.633495,0.584187,0.366505,0.045737,4.817975,0.195848
24.763035000,100.000004,0.234192067,0.550651,0.360033,0.639967,-0.013778,4.852720,-0.069029
24.812407000,99.999992,1.133434940,0.640639,0.359361,0.465005,-0.029592,4.813984,0.285555
24.853009000,100.000006,4.807864080,0.373477,0.589794,0.626523,-0.023854,4.636595,0.198768
24.893762000,100.000009,2.259508880,0.646971,0.546062,0.353029,-0.011730,5.067736,0.129229
24.936570000,100.000017,0.533155375,0.629286,0.370714,0.625673,-0.034595,5.031164,0.087699
24.977700000,100.000019,4.418786140,0.360883,0.639117,0.561908,-0.004328,4.872150,0.171027
25.018573000,100.000002,1.918431150,0.639941,0.452790,0.360059,-0.025881,4.839000,-0.001934
25.061912000,99.999987,0.404474968,0.615519,0.373692,0.626308,-0.066062,4.957261,-0.064952
25.104235000,99.999966,4.767300220,0.364618,0.614282,0.635382,-0.026648,5.109497,0.149217
25.145279000,100.000016,2.335341890,0.638560,0.556798,0.361440,-0.057033,4.832758,-0.016219
25.185913000,100.000002,6.022571590,0.437767,0.365133,0.634867,-0.048475,4.888205,0.014554
25.226511000,100.000004,3.412215740,0.434924,0.638431,0.361569,-0.072434,5.072291,0.136894
25.266949000,99.999994,0.737859981,0.634457,0.365543,0.570825,0.013177,4.768985,0.097817
25.308170000,99.999985,4.659888200,0.369753,0.630247,0.619531,-0.019184,5.000525,0.154777
25.348865000,99.999990,2.088330510,0.648107,0.503772,0.351893,-0.009395,5.021967,0.235031
25.398764000,99.999987,3.198373640,0.478887,0.643346,0.356654,0.009974,4.878907,0.197473
25.439553000,99.999990,0.664415994,0.634572,0.365428,0.588872,0.056458,4.886568,0.129588
25.489526000,99.999999,1.804060280,0.646331,0.433719,0.353669,0.042134,4.943654,-0.061701
25.538872000,99.999976,2.692902350,0.603357,0.633479,0.366521,-0.025716,4.960227,0.152242
25.579065000,100.000000,6.203729220,0.482722,0.357226,0.642774,0.000857,4.854644,0.173379
25.619622000,99.999985,3.576971170,0.407093,0.631025,0.368975,0.068167,4.801893,-0.182594
25.659854000,99.999982,0.820213763,0.642353,0.357647,0.553606,0.058493,4.941550,0.170552
25.701500000,99.999993,4.912242220,0.363727,0.576970,0.636273,-0.006968,4.863798,0.107612
25.742480000,99.999994,2.454686540,0.635100,0.581822,0.364900,-0.028629,4.856857,-0.088957
25.783332000,99.999996,6.229115910,0.473079,0.349420,0.650580,0.029585,4.714127,0.124805
25.823548000,100.000012,3.465961600,0.416442,0.637180,0.362820,-0.031593,4.934601,0.097681
25.863677000,100.000024,0.668008459,0.631107,0.368893,0.579119,-0.056344,4.706758,0.227653
25.903976000,100.000009,4.221239440,0.350619,0.649381,0.511945,-0.085622,5.073155,0.156734
25.945212000,99.999998,1.866083500,0.640581,0.436501,0.359419,-0.049764,4.929869,-0.108430
25.987937000,100.000010,0.106527064,0.527876,0.351333,0.648667,-0.050213,5.075394,0.014772
26.028881000,99.999998,3.917756300,0.359282,0.640718,0.438268,-0.038028,4.924874,0.142717
26.069147000,100.000025,1.174602090,0.638226,0.361774,0.471723,-0.018597,4.724110,-0.020028
26.110509000,99.999991,5.153032450,0.349800,0.520176,0.650200,-0.059513,5.062314,0.068228
26.151397000,100.000015,2.658677350,0.616262,0.623795,0.376205,0.009761,4.779320,0.055754
26.192648000,99.999994,0.309522018,0.574117,0.367112,0.632888,-0.016185,4.737378,0.100466
26.234733000,99.999985,4.577151130,0.365319,0.634681,0.578886,-0.002439,4.915698,0.058989
26.275688000,99.999991,2.109593500,0.642201,0.508036,0.357799,0.066069,4.827374,0.126586
26.316492000,99.999990,5.864821060,0.398747,0.365827,0.634173,0.043215,4.966651,0.088768
26.357122000,99.999990,3.267262820,0.463710,0.641234,0.358766,0.069125,4.797517,0.200035
26.398637000,100.000016,1.023706490,0.640484,0.359516,0.495342,-0.005067,4.761191,0.273750
26.441887000,100.000016,5.757337230,0.382051,0.374683,0.625317,0.066504,4.837620,0.176574
26.482698000,100.000020,3.232182780,0.471787,0.642485,0.357515,0.013166,4.864431,0.175366
26.522944000,99.999997,0.481028601,0.612527,0.371791,0.628209,-0.037009,4.878212,-0.037113
26.563300000,99.999988,4.057058190,0.358508,0.641492,0.468181,0.010013,4.842079,0.078547
26.603727000,100.000008,1.378302660,0.640570,0.359430,0.418792,0.055982,4.779518,0.121787
26.644077000,99.999997,4.951933730,0.359931,0.554901,0.640069,-0.061870,4.863734,0.321012
26.687046000,100.000010,3.289978160,0.470474,0.638703,0.361297,-0.042884,4.743023,-0.036500
26.729739000,99.999982,1.517621640,0.631547,0.368453,0.387517,-0.033491,4.979068,-0.047033
26.769984000,99.999966,5.049246830,0.355011,0.557492,0.644989,-0.014010,5.047577,-0.090441
26.811153000,99.999976,2.667288380,0.615677,0.633726,0.366274,0.039161,5.072449,0.096979
26.853077000,99.999993,0.587329678,0.634245,0.365755,0.601209,-0.055007,4.962172,0.266860
26.894503000,99.999982,4.591356360,0.375443,0.624557,0.607406,-0.021601,4.921118,0.010626
26.935677000,100.000003,2.211398970,0.643439,0.535337,0.356561,-0.061200,4.915451,0.141025
26.977651000,100.000018,0.151443247,0.544729,0.361211,0.638789,0.011056,4.784792,0.253458
27.022190000,100.000002,5.400675120,0.360198,0.464708,0.639802,0.053700,4.795166,0.013622
27.063138000,100.000018,2.930321400,0.549673,0.641147,0.358853,-0.014343,4.888176,0.062644
27.103896000,100.000007,0.383967099,0.604321,0.364057,0.635943,0.009117,5.041504,0.227504
27.144199000,100.000024,3.938798860,0.361761,0.638239,0.424797,-0.014499,4.916041,-0.137363
27.193806000,100.000000,4.932045520,0.361626,0.555039,0.638374,-0.020141,4.803181,0.388045
27.234586000,100.000011,2.394490080,0.641961,0.570867,0.358039,0.027041,5.014428,0.008600
27.274784000,99.999994,5.907319370,0.396915,0.370008,0.629992,0.012706,4.849877,-0.160545
27.315080000,99.999976,3.176161150,0.488705,0.644816,0.355184,-0.036202,4.919568,0.078877
27.355639000,99.999989,0.550204110,0.624172,0.375828,0.622807,-0.031246,4.853108,-0.030244
27.396041000,100.000003,4.144633810,0.354555,0.645445,0.487888,-0.036546,4.941870,0.061850
27.436342000,100.000010,1.415478380,0.630216,0.369784,0.401674,-0.021924,4.816209,0.223807
27.477263000,100.000007,5.217510210,0.352022,0.514038,0.647978,0.002130,5.029749,-0.055515
27.518008000,100.000005,2.665955160,0.617850,0.628771,0.371229,-0.047212,4.943129,-0.035880
27.561622000,100.000001,1.261998320,0.639785,0.360215,0.440183,0.047307,4.883917,0.176920
27.605980000,100.000001,0.155641719,0.541791,0.361491,0.638509,-0.027874,4.768931,0.169960
27.648262000,100.000000,4.502071470,0.357818,0.642182,0.575882,0.021571,5.049453,0.052607
27.688303000,100.000007,1.668915540,0.626465,0.387998,0.373535,-0.019221,4.919537,0.053910
27.730831000,100.000009,6.113746160,0.466216,0.360830,0.639170,0.011582,4.765432,0.203095
27.772103000,100.000000,3.772991500,0.365606,0.634394,0.397749,-0.010524,4.851427,0.005246
27.812843000,100.000004,1.219437080,0.637639,0.362361,0.460858,-0.040713,4.734039,0.036437
27.853230000,99.999998,4.807866520,0.369517,0.588424,0.630483,0.022581,4.744913,0.319244
27.893784000,99.999979,2.179908590,0.641798,0.523502,0.358202,0.013359,4.832560,0.146404
27.934400000,99.999974,5.859933460,0.392952,0.367253,0.632747,-0.008119,4.969456,0.071151
27.974448000,99.999997,3.029574140,0.530988,0.642750,0.357250,-0.021496,4.882900,0.031930
28.024474000,100.000006,4.190415920,0.359039,0.640961,0.511525,-0.035721,4.783999,0.233374
28.065332000,100.000006,1.684060880,0.632770,0.399380,0.367230,0.020455,4.788616,0.011752
28.106924000,100.000014,5.754491480,0.378004,0.374821,0.625179,0.036562,4.876436,0.012885
28.148083000,99.999999,3.368535830,0.429383,0.647242,0.352758,-0.014397,5.179140,0.259096
28.189961000,100.000000,1.270181580,0.637938,0.362062,0.438347,0.034842,4.831121,0.197022
28.230539000,100.000009,4.935011440,0.364807,0.573839,0.635193,-0.020537,4.811335,-0.010042
28.272617000,100.000002,2.916656470,0.562217,0.640707,0.359293,0.025283,4.928110,-0.089763
28.313037000,99.999995,0.235100528,0.537441,0.354540,0.645460,-0.021727,4.978099,-0.362900
28.363735000,100.000022,1.664745530,0.635546,0.390661,0.364454,-0.044774,5.074965,-0.027423
28.405410000,100.000000,5.768377210,0.373500,0.372662,0.627338,-0.057471,4.982400,-0.009661
28.445450000,100.000001,2.934820820,0.549994,0.641310,0.358690,0.003080,4.893673,0.123748
28.494838000,99.999990,3.840463350,0.365837,0.634163,0.407189,-0.021882,4.902731,-0.080720
28.535632000,99.999992,1.308504310,0.636394,0.363606,0.426971,0.004530,4.839143,0.248488
28.576373000,99.999982,5.038532130,0.358786,0.565081,0.641214,-0.034112,4.954346,-0.231046
28.619920000,99.999996,3.607774260,0.394729,0.633782,0.366218,0.059707,4.853020,-0.007102
28.660044000,99.999981,0.807817336,0.634726,0.365274,0.559290,-0.043720,4.717901,0.038531
28.700367000,100.000001,4.370645030,0.353914,0.646086,0.548469,-0.034514,5.047362,0.106059
28.741544000,100.000007,1.991889020,0.646933,0.475496,0.353067,-0.076313,5.009852,0.054703
28.790838000,100.000009,2.859935380,0.565078,0.638184,0.361816,-0.028035,4.858005,0.152459
28.832354000,100.000025,0.616781678,0.626713,0.373287,0.606471,0.084757,4.779742,-0.061472
28.872901000,100.000036,4.269214600,0.360895,0.639105,0.516896,-0.026653,5.054125,-0.002737
28.913004000,100.000021,1.460862400,0.635051,0.364949,0.401368,-0.031858,4.974183,-0.064818
28.953517000,100.000027,5.099694140,0.360652,0.530387,0.639348,-0.020246,5.043660,0.081471
28.993517000,100.000005,2.250141370,0.642055,0.549742,0.357945,0.022234,4.814299,0.073354
29.034337000,100.000020,6.011773850,0.442422,0.357491,0.642509,-0.030174,4.961998,0.217691
29.083618000,99.999993,0.591433967,0.634488,0.365512,0.606859,0.015514,5.019351,0.165022
29.133423000,99.999969,1.663873400,0.633482,0.399447,0.366518,0.048510,4.938319,0.145605
29.173438000,99.999987,5.103499120,0.358432,0.530361,0.641568,-0.014632,4.840208,0.118586
29.214564000,100.000012,2.704342440,0.610103,0.636813,0.363187,-0.023202,5.119788,0.075226
29.255952000,99.999993,0.409986778,0.592943,0.365703,0.634297,0.047761,4.907362,-0.109224
29.298462000,99.999992,4.847615450,0.367304,0.610094,0.632696,0.020042,4.991097,-0.167487
29.340002000,99.999993,2.614058020,0.626664,0.624102,0.373336,-0.017667,4.939243,-0.020082
29.381773000,99.999990,0.472900432,0.618591,0.368483,0.631517,-0.058948,5.031183,0.116228
29.425986000,99.999987,5.591728540,0.368656,0.412685,0.631344,0.079058,4.772618,0.152442
29.466744000,99.999977,3.045368770,0.520457,0.643792,0.356208,-0.047313,4.896049,0.091418
29.516226000,99.999965,3.988607450,0.354675,0.645325,0.446694,0.032885,5.041892,0.009538
29.557818000,100.000019,1.775849030,0.635012,0.424149,0.364988,0.017538,4.817132,0.058242
29.598609000,100.000018,5.525879910,0.361838,0.431678,0.638162,-0.044849,4.876586,-0.039919
29.639518000,100.000029,3.039926330,0.537076,0.642309,0.357691,0.033224,4.782495,0.114321
29.682604000,100.000033,1.424775080,0.633637,0.366363,0.404601,-0.023748,4.905389,0.073384
29.723944000,100.000008,5.394406610,0.353156,0.455779,0.646844,-0.082819,5.057996,0.091694
29.774515000,100.000003,0.490067121,0.611874,0.371912,0.628088,-0.023196,4.963545,-0.139745
29.817212000,100.000000,5.002497380,0.355716,0.543711,0.644284,-0.047011,4.960965,0.323588
29.865015000,99.999993,5.274139730,0.360423,0.500462,0.639577,-0.013842,4.734673,-0.161336
29.905392000,99.999980,2.575379910,0.631448,0.611355,0.368552,0.021745,4.966519,-0.012403
29.946381000,99.999982,0.121419124,0.519596,0.351847,0.648153,-0.059768,5.041411,-0.131111
29.987250000,99.999991,3.902646110,0.366107,0.633893,0.430126,0.021892,4.745842,0.064056
30.037222000,100.000011,5.041891200,0.353817,0.538795,0.646183,0.048422,5.013025,0.255164
30.077567000,100.000006,2.330336320,0.636557,0.560266,0.363443,0.012268,4.781240,0.129836
30.118194000,100.000006,6.014766950,0.437083,0.362779,0.637221,0.044040,4.815060,0.163943
30.158602000,100.000008,3.328414020,0.443582,0.636943,0.363057,0.001536,4.772299,0.226833
30.208371000,100.000016,4.386461860,0.354061,0.645939,0.540474,-0.046001,5.015017,-0.118886
30.250196000,100.000013,2.266908230,0.638846,0.544933,0.361154,0.016839,4.790795,0.179256
30.292299000,100.000005,0.258554488,0.579080,0.361398,0.638602,-0.010677,4.939839,0.360546
30.332547000,99.999992,3.791384920,0.368802,0.631198,0.402310,-0.026431,4.847041,-0.014551
30.373065000,99.999999,1.149030090,0.642013,0.357987,0.470438,0.006294,4.850120,0.212467
30.413318000,99.999998,4.683859230,0.376213,0.623787,0.612248,0.032514,4.839915,-0.060977
30.453831000,99.999992,2.039501830,0.639646,0.483275,0.360354,0.009896,4.751065,-0.008293
30.494351000,99.999984,5.681130110,0.371362,0.390141,0.628638,0.019811,4.867022,0.098039
30.534838000,99.999986,3.026372310,0.535498,0.642091,0.357909,-0.014418,4.872218,-0.062501
30.575555000,99.999992,0.463615471,0.606697,0.374709,0.625291,0.086065,4.738716,0.010156
30.616147000,99.999994,4.134044010,0.357105,0.642895,0.490664,-0.023756,4.852217,0.109896
30.656684000,99.999990,1.499287300,0.628199,0.371801,0.384934,0.000856,4.898051,0.162757
30.698009000,99.999994,5.462917060,0.355073,0.434084,0.644927,-0.062400,5.082896,0.170165
30.738901000,99.999993,2.970161870,0.543377,0.644841,0.355159,-0.004730,4.885288,-0.016165
30.779315000,99.999981,0.286205106,0.573377,0.358208,0.641792,-0.007819,4.830770,0.158612
30.821561000,99.999990,4.618232450,0.366235,0.633765,0.604527,0.026650,4.980737,0.027751
30.871273000,100.000004,5.653475340,0.368412,0.398576,0.631588,-0.023503,4.888454,0.019583
30.911423000,100.000019,2.863920410,0.563577,0.632413,0.367587,0.059206,4.663094,0.076720
30.951626000,100.000006,0.095565241,0.525537,0.361238,0.638762,0.034272,4.735220,0.097988
30.991834000,100.000005,3.612393440,0.372916,0.628315,0.371685,-0.021500,5.007160,0.312033
31.032046000,100.000000,0.847637716,0.637149,0.362851,0.562158,-0.049267,4.808247,-0.182647
31.072349000,99.999991,4.402466580,0.360876,0.639124,0.552110,0.009750,4.831106,0.027506
31.122187000,100.000036,5.488113340,0.364096,0.439821,0.635904,0.067937,4.760161,0.094108
31.162382000,100.000012,2.716559500,0.599959,0.627238,0.372762,0.001420,4.741216,0.089201
31.202797000,100.000004,0.033004512,0.511244,0.357085,0.642915,0.018516,4.852192,0.184410
31.251804000,99.999980,0.786247890,0.641870,0.358130,0.556974,-0.021619,4.939981,0.171564
31.293237000,99.999999,4.793075710,0.371401,0.595709,0.628599,-0.022737,4.744289,0.246333
31.333296000,99.999986,1.967118540,0.642475,0.472929,0.357525,0.026631,4.862577,0.145987
31.383264000,100.000027,3.104763220,0.504791,0.639652,0.360348,0.000153,4.736565,0.202015
31.423400000,100.000014,0.309609261,0.570954,0.357839,0.642161,-0.004063,5.021428,-0.011287
31.464060000,100.000030,4.007240780,0.361719,0.638281,0.455127,0.022450,4.774093,0.097130
31.504547000,99.999995,1.352486000,0.635471,0.364529,0.426058,-0.018536,4.820857,0.026927
31.544880000,100.000002,4.919316070,0.365794,0.580154,0.634206,-0.027039,4.818082,-0.047114
31.585417000,99.999988,2.284559690,0.641602,0.554479,0.358398,0.026205,4.920220,0.173335
31.625876000,99.999999,5.901789050,0.415666,0.361280,0.638720,-0.048970,4.984224,0.238598
31.666629000,100.000011,3.353432060,0.445369,0.639098,0.360902,0.014670,4.839745,0.110094
31.716574000,99.999997,4.481875840,0.358605,0.641395,0.570651,-0.055169,4.994758,0.020850
31.758100000,99.999984,2.242717790,0.638970,0.540536,0.361030,-0.017688,4.780756,0.153595
31.798744000,100.000001,5.933946910,0.414617,0.367141,0.632859,-0.051508,4.809761,-0.007957
31.839874000,100.000004,3.536390760,0.405502,0.624281,0.375719,-0.030681,4.605684,0.101628
31.880750000,99.999989,1.037233840,0.640510,0.359490,0.504161,0.020509,4.769759,-0.001578
31.921135000,99.999994,4.624863020,0.371971,0.628029,0.608735,-0.000307,4.838709,0.099789
31.961900000,100.000000,2.081305850,0.639528,0.495412,0.360472,-0.020566,4.736458,0.036506
32.002945000,100.000012,5.932936440,0.420576,0.359694,0.640306,-0.086214,5.006193,0.196182
32.044017000,99.999987,3.512180290,0.414125,0.627021,0.372979,0.031455,4.627855,0.038664
32.084810000,100.000003,0.979821565,0.639898,0.360102,0.513579,-0.042776,4.755172,0.073214
32.126056000,99.999994,4.911849550,0.364286,0.583327,0.635714,0.046267,4.887051,0.028703
32.166719000,99.999993,2.327493970,0.640216,0.563238,0.359784,0.053711,4.772799,0.161756
32.216955000,99.999982,3.572336670,0.387920,0.631927,0.368073,0.037733,4.984486,0.169895
32.257161000,99.999992,0.805179383,0.639742,0.360258,0.567099,0.030545,4.921139,-0.084721
32.298890000,99.999987,4.930407750,0.360631,0.577705,0.639369,0.033376,4.969341,0.018652
32.340383000,99.999971,2.678051010,0.615027,0.628869,0.371131,0.014645,4.920441,0.037884
32.380545000,99.999970,6.176478110,0.482985,0.354396,0.645604,-0.053263,4.948373,0.218570
32.423493000,99.999981,4.506118790,0.359495,0.640505,0.571219,0.043645,4.967715,-0.108464
32.466000000,99.999999,2.659362030,0.617292,0.627582,0.372418,-0.010898,4.901371,0.103234
32.506251000,99.999992,6.193391540,0.467991,0.348535,0.651465,0.017971,5.178705,-0.058084
32.546757000,100.000009,3.546235920,0.405781,0.634599,0.365401,0.049927,4.927129,-0.054043
32.587550000,100.000009,1.013881730,0.639511,0.360489,0.502946,0.025631,4.733664,0.132212
32.629112000,100.000015,5.072313470,0.353535,0.547798,0.646465,-0.052016,4.950283,-0.093807
32.669679000,100.000015,2.449559560,0.639076,0.587593,0.360924,-0.043008,5.022791,-0.006040
32.719258000,99.999999,3.431605300,0.429673,0.635277,0.364723,0.042505,4.792340,0.118779
32.759787000,100.000009,0.793647893,0.635492,0.364508,0.561019,0.073320,4.750649,0.098688
32.800457000,99.999995,4.495278920,0.357382,0.642618,0.571650,0.046805,5.040138,-0.006957
32.841182000,100.000021,1.935723970,0.638236,0.456276,0.361764,0.006646,4.769455,-0.011233
32.882175000,100.000010,5.766556130,0.374269,0.372227,0.627773,-0.044593,4.987076,0.083689
32.923073000,99.999998,3.276200390,0.462578,0.639435,0.360565,-0.038480,4.787909,0.104977
32.964863000,99.999988,1.142642990,0.640604,0.359396,0.491613,0.021748,4.772010,-0.171001
33.009232000,99.999985,0.040682388,0.519248,0.355998,0.644002,0.007685,4.896194,0.240781
33.053609000,100.000006,5.225110320,0.358117,0.499087,0.641883,-0.042047,4.814895,0.087599
33.095781000,100.000023,3.244355110,0.484826,0.641004,0.358996,-0.013905,4.793945,-0.103144
33.146014000,100.000004,4.488001010,0.359469,0.640531,0.570527,-0.020090,4.965620,-0.057530
33.195603000,99.999989,5.474043120,0.361677,0.435615,0.638323,-0.015380,4.859822,0.124831
33.236287000,99.999975,2.898083680,0.551771,0.642633,0.357367,0.058008,4.941191,0.224173
33.277420000,99.999970,0.501723080,0.617954,0.368771,0.631229,0.047618,5.017532,-0.075433
33.322197000,99.999980,5.846149150,0.386391,0.370619,0.629381,0.014302,4.923339,-0.032354
33.362766000,100.000015,3.224194460,0.481801,0.641613,0.358387,0.006531,4.819653,0.022462
33.404499000,100.000017,1.067842440,0.643152,0.356848,0.487960,0.010212,4.860347,0.199752
33.444754000,100.000023,4.603475880,0.367192,0.632808,0.604435,0.064288,4.949477,0.098482
33.494691000,100.000012,5.728724870,0.377118,0.373862,0.626138,0.043577,4.905308,0.255851
33.543611000,100.000007,0.163986540,0.540935,0.350786,0.649214,-0.079553,5.127605,-0.012841
33.584547000,99.999972,3.972014330,0.361026,0.638974,0.453545,-0.019206,4.801544,0.152401
33.627287000,99.999970,2.218453710,0.641266,0.535398,0.358734,0.052417,4.842751,0.135707
33.667683000,99.999989,5.810479810,0.376871,0.378728,0.623129,0.002501,4.801379,-0.243385
33.707884000,99.999985,3.041321720,0.520330,0.641143,0.358857,0.026195,4.805647,0.117768
33.747900000,99.999987,0.198163339,0.544051,0.355190,0.644810,-0.008013,4.989955,-0.053439
33.789124000,99.999985,4.121389170,0.348763,0.651237,0.468062,0.066372,4.740453,0.023514
33.833366000,100.000004,2.968632400,0.551987,0.642137,0.357863,-0.003429,4.929485,-0.108226
33.874037000,100.000022,0.387478321,0.603721,0.367905,0.632095,-0.020456,4.915739,0.260526
33.917161000,100.000028,5.070712140,0.357823,0.534176,0.642177,0.028114,4.868266,0.187881
33.960036000,100.000025,3.371159140,0.449261,0.638160,0.361840,-0.011849,4.793464,-0.029869
34.000576000,100.000007,0.737605827,0.633799,0.366201,0.580171,-0.022919,4.805251,-0.030111
34.044133000,100.000026,5.594038320,0.362967,0.404966,0.637033,-0.017799,5.036346,0.125534
34.093698000,100.000012,0.287302032,0.572415,0.360749,0.639251,0.006259,4.934042,0.084752
34.133953000,99.999995,3.822931600,0.364392,0.635608,0.413399,0.040846,4.904517,0.101139
34.175422000,99.999993,1.560975200,0.627245,0.372755,0.383645,0.047370,4.882867,-0.093920
34.215755000,99.999994,5.127803520,0.352397,0.523975,0.647603,0.023240,5.030418,0.118137
34.256023000,99.999972,2.385446250,0.634049,0.577926,0.365951,0.058345,4.794982,0.201323
34.296061000,99.999966,5.834270680,0.389468,0.369722,0.630278,0.039226,4.923011,0.087776
34.337068000,100.000005,3.387512130,0.444357,0.636791,0.363209,-0.016046,4.768653,-0.068896
34.386978000,99.999983,4.501955110,0.365513,0.634487,0.580705,-0.042492,4.827300,0.185244
34.428000000,99.999992,2.061196570,0.641576,0.488061,0.358424,0.006274,4.810623,0.054610
34.468177000,99.999986,5.565624060,0.360380,0.420716,0.639620,-0.069660,4.986988,0.023805
34.508401000,100.000006,2.805668360,0.582163,0.630573,0.369427,0.009946,4.714835,-0.057273
34.548581000,100.000002,0.028114202,0.500870,0.353892,0.646108,-0.030835,4.959008,-0.027164
34.589160000,99.999999,3.693344920,0.373069,0.626931,0.380196,0.029199,4.906201,0.035826
34.638948000,100.000018,4.758992810,0.369368,0.612676,0.630632,-0.024884,4.952082,0.103791
34.679227000,100.000025,2.021040210,0.639221,0.480714,0.360779,0.030481,4.740376,0.020600
34.719534000,100.000015,5.577471440,0.366493,0.414925,0.633507,-0.010037,4.828004,0.055295
34.759605000,99.999984,2.756314520,0.592846,0.629302,0.370698,-0.011902,4.750758,-0.027201
34.799641000,100.000001,6.204341650,0.482773,0.356741,0.643259,-0.035581,4.872452,0.126362
34.841243000,99.999995,3.995584290,0.361115,0.638885,0.458217,-0.048149,4.780954,0.183810
34.881566000,99.999973,1.275226840,0.643252,0.356748,0.438357,-0.023174,5.007871,0.143670
34.930281000,99.999987,1.911668570,0.646364,0.451858,0.353636,-0.038214,5.056554,0.005354
34.980753000,99.999999,3.250912170,0.465343,0.641298,0.358702,0.053280,4.839923,0.190574
35.021503000,100.000004,0.701356973,0.639589,0.360411,0.594333,-0.021053,4.963818,0.226729
35.061814000,100.000008,4.259387280,0.356044,0.643956,0.528236,-0.020687,4.911637,0.234788
35.103950000,100.000011,2.264233660,0.638342,0.539033,0.361658,0.028434,4.757361,-0.007403
35.146092000,100.000012,0.271479938,0.580814,0.365156,0.634844,0.038306,4.830439,0.348580
35.187234000,100.000020,4.161910730,0.359813,0.640187,0.494158,0.007932,4.758836,0.078163
35.237610000,100.000008,5.462757340,0.360554,0.433146,0.639446,-0.053042,4.905422,0.232038
35.279035000,100.000003,3.183202060,0.492129,0.642344,0.357656,-0.001375,4.833731,0.020809
35.329335000,100.000001,4.453643390,0.363450,0.636550,0.560013,0.006105,4.780952,-0.074383
35.370610000,99.999995,2.114085800,0.642362,0.509500,0.357638,-0.046528,4.834255,0.110327
35.412808000,99.999985,0.143728802,0.548306,0.361775,0.638225,-0.029299,4.777857,0.280145
35.453623000,99.999991,3.903356810,0.360360,0.639640,0.430328,0.041739,4.931772,0.069863
35.496784000,100.000005,2.318200520,0.645470,0.551777,0.354530,-0.018028,5.040593,-0.003692
35.538470000,99.999984,0.143045896,0.529034,0.356958,0.643042,-0.016761,4.886735,-0.121160
35.578994000,99.999997,3.786274210,0.367676,0.632324,0.401702,0.027346,4.885700,0.106306
35.620140000,99.999988,1.395118400,0.635773,0.364227,0.401912,-0.041750,4.986838,0.249757
35.662974000,100.000015,5.962348150,0.425878,0.364672,0.635328,-0.039826,4.815078,0.149130
35.704213000,99.999983,3.608392440,0.374644,0.625886,0.374114,-0.044712,4.919583,0.296392
35.745139000,99.999989,1.129233640,0.640411,0.359589,0.486427,-0.013545,4.771757,-0.113992
35.786727000,99.999985,5.198060630,0.356693,0.511536,0.643307,0.041813,4.837601,0.022611
35.826811000,100.000010,2.382104270,0.633149,0.573998,0.366851,-0.042880,4.744396,0.128969
35.867234000,99.999999,5.984934150,0.427471,0.364748,0.635252,0.000035,4.805264,0.055772
35.908764000,99.999992,3.747378210,0.368762,0.631238,0.390104,0.003013,4.947586,0.017220
35.949145000,100.000017,1.050223390,0.642271,0.357729,0.495245,-0.049144,4.828680,0.101745
35.990456000,100.000029,5.008256520,0.361487,0.561866,0.638513,0.042152,4.855055,-0.010883
36.030863000,100.000006,2.321503950,0.639765,0.563466,0.360235,0.004200,4.896805,0.267090
36.071055000,100.000001,5.831933710,0.389070,0.370714,0.629286,0.051340,4.896595,0.065176
36.111358000,99.999978,3.103576400,0.511711,0.639369,0.360631,0.052946,4.735920,-0.002180
36.151833000,99.999990,0.444018618,0.614818,0.362563,0.637437,-0.022326,5.178155,0.096293
36.193664000,99.999997,4.610048120,0.367557,0.632443,0.598228,0.012108,4.889830,0.043612
36.234218000,99.999997,1.982091720,0.650964,0.460639,0.349036,0.001457,5.179305,-0.154939
36.275757000,100.000013,6.031321500,0.436126,0.356291,0.643709,0.026530,5.035406,0.051719
36.317459000,99.999998,3.862567090,0.365047,0.634953,0.413752,0.038490,4.882274,-0.017886
36.358552000,99.999994,1.450210460,0.634602,0.365398,0.409821,0.039665,4.896712,-0.128971
36.400137000,100.000024,5.517840330,0.362796,0.428343,0.637204,-0.007590,4.863574,0.061315
36.441838000,99.999990,3.348686410,0.437751,0.648532,0.351468,-0.037968,5.181463,0.235960
36.483014000,100.000002,0.969529507,0.643215,0.356785,0.532028,-0.017530,4.896224,-0.221166
36.523600000,99.999990,4.637558330,0.371907,0.628093,0.594951,0.005260,4.728301,-0.083147
36.567892000,100.000006,3.504802300,0.404975,0.637557,0.362443,0.020992,5.024702,0.134151
36.608465000,99.999997,0.884446802,0.641968,0.358032,0.543920,0.008760,4.894470,0.058756
36.649010000,99.999987,4.536074410,0.364004,0.635996,0.585403,-0.055257,4.909841,0.022299
36.689672000,99.999978,1.951315200,0.645224,0.463896,0.354776,-0.036212,4.979573,0.014545
36.730834000,100.000012,5.849742610,0.389730,0.371560,0.628440,-0.014011,4.865135,-0.063917
36.772242000,100.000034,3.563389070,0.414357,0.631353,0.368647,-0.030453,4.758860,-0.214128
36.821478000,100.000021,4.408238560,0.360773,0.639227,0.558175,-0.052803,4.859900,0.107283
36.862782000,99.999999,2.080285720,0.648969,0.495998,0.351031,-0.044837,5.055947,0.092030
36.903769000,99.999994,5.908714680,0.406357,0.369008,0.630992,-0.005596,4.809802,-0.012335
36.953468000,100.000003,0.655571204,0.630725,0.369275,0.573960,-0.008036,4.653920,0.357686
36.996358000,100.000013,5.245200420,0.350954,0.496127,0.649046,0.003366,5.058716,0.079883
37.039299000,100.000020,3.572047800,0.395585,0.629060,0.370940,0.007524,4.833806,0.095370
37.080695000,99.999991,1.280892180,0.646954,0.353046,0.445032,0.013713,5.102528,-0.047979
37.130167000,99.999979,2.220133870,0.639908,0.530232,0.360092,0.004616,4.785108,0.057308
37.170972000,99.999980,5.975760070,0.414569,0.360146,0.639854,-0.053130,5.032703,-0.080704
37.211906000,99.999990,3.499801400,0.424622,0.640820,0.359180,-0.020557,4.748031,0.024659
37.252993000,100.000000,1.085043680,0.640022,0.359978,0.489906,0.042985,4.754787,0.131976
37.293684000,99.999997,4.795071770,0.369683,0.613255,0.630317,0.026488,4.947953,-0.083828
37.333811000,100.000002,1.996316060,0.642721,0.477649,0.357279,-0.053288,4.863515,0.059853
37.374113000,99.999991,5.550745260,0.357297,0.419873,0.642703,-0.021572,4.838474,0.074568
37.414535000,100.000014,2.869988810,0.561108,0.642845,0.357155,-0.023714,4.991709,0.151118
37.455417000,100.000006,0.373235361,0.602813,0.364783,0.635217,0.002916,5.006569,0.236628
37.496125000,99.999993,4.090063930,0.361826,0.638174,0.479880,0.015970,5.011998,0.068646
37.537947000,99.999995,1.969305740,0.639957,0.467036,0.360043,-0.021583,4.793953,-0.021401
37.582212000,100.000020,0.825751267,0.640724,0.359276,0.559717,-0.045794,4.917115,-0.068957
37.630534000,100.000000,1.304998770,0.640692,0.359308,0.437569,0.009704,4.929357,-0.032541
37.680282000,99.999986,2.354642680,0.645013,0.564674,0.354987,-0.014860,5.082428,-0.009312
37.720465000,99.999992,5.861469670,0.390105,0.365757,0.634243,-0.001326,5.039526,0.031234
37.764870000,100.000011,4.773913650,0.369292,0.611633,0.630708,-0.025417,4.946311,0.027534
37.808938000,99.999980,3.551557870,0.404619,0.632655,0.367345,-0.016152,4.874494,-0.070636
37.851949000,100.000010,1.906400120,0.641714,0.459935,0.358286,-0.003682,4.870986,0.158816
37.892156000,100.000014,5.422830200,0.362413,0.456428,0.637587,0.065146,4.747243,0.015184
37.932340000,100.000016,2.646874790,0.618014,0.626742,0.373258,-0.043851,4.883936,0.020752
37.972528000,100.000006,6.155705920,0.472348,0.358605,0.641395,0.043604,4.754141,0.093731
38.021741000,99.999991,0.708164251,0.640162,0.359838,0.573923,-0.043249,4.967511,0.231906
38.062288000,100.000010,4.360594210,0.362818,0.637182,0.539207,0.046613,4.719074,0.002499
38.102720000,99.999983,1.683838850,0.636564,0.392670,0.363436,0.061595,4.878066,0.122807
38.143485000,100.000005,5.423468340,0.354991,0.441113,0.645009,0.015887,5.048798,0.254772
38.184275000,99.999996,2.889912310,0.555748,0.635386,0.364614,-0.038033,4.722084,0.103326
38.224864000,100.000000,0.275954905,0.556393,0.359577,0.640423,0.009148,4.891314,-0.110164
38.265416000,99.999996,3.930383840,0.360019,0.639981,0.442974,-0.012233,4.877982,0.164960
38.305851000,99.999979,1.254825780,0.648102,0.351898,0.458517,0.009871,5.090195,-0.136961
38.355132000,100.000014,2.117667870,0.641706,0.506235,0.358294,0.017361,4.787810,0.195999
38.395311000,100.000008,5.622898560,0.364037,0.397836,0.635963,-0.056758,4.904800,-0.114373
38.437024000,100.000005,3.458543240,0.427387,0.639364,0.360636,0.035847,4.938997,-0.074811
38.477645000,99.999996,0.857386994,0.646621,0.353379,0.553564,-0.066936,5.085977,-0.000308
38.518423000,99.999987,4.602214090,0.369541,0.630459,0.602780,0.053703,4.863203,0.110229
38.558521000,99.999985,1.791856220,0.636049,0.424760,0.363951,0.058454,4.876437,0.161720
38.599366000,100.000000,5.563486750,0.362491,0.421353,0.637509,-0.007056,4.915040,0.022794
38.643639000,99.999998,4.423130830,0.353460,0.646540,0.556494,-0.040107,5.095458,0.001362
38.688252000,99.999995,3.418773610,0.443692,0.635512,0.364488,0.044423,4.728898,-0.098983
38.729405000,99.999995,1.030416750,0.642330,0.357670,0.501718,-0.020953,4.830620,0.057057
38.779688000,99.999995,2.294057840,0.644614,0.541269,0.355386,0.055049,4.972644,-0.137118
38.829737000,100.000007,3.464102270,0.413768,0.640375,0.359625,-0.036516,5.054258,0.100675
38.870103000,100.000016,0.760948990,0.642236,0.357764,0.568494,-0.002331,4.763688,0.049053
38.910366000,100.000030,4.299782680,0.360653,0.639347,0.534036,0.007553,4.772115,0.202006
38.951191000,100.000009,1.780229250,0.632729,0.421784,0.367271,0.043393,4.758366,0.044849
38.991480000,100.000008,5.329459060,0.360130,0.489910,0.639870,-0.044377,4.746397,-0.219668
39.031665000,99.999976,2.553901550,0.628521,0.602807,0.371479,0.012732,4.804876,-0.004092
39.073569000,99.999984,0.465943012,0.613588,0.369454,0.630546,-0.022396,4.958062,0.069328
39.116073000,99.999980,4.901169100,0.363569,0.580856,0.636431,-0.037547,4.894027,0.038848
39.157200000,100.000001,2.502412450,0.636056,0.595665,0.363944,-0.007120,4.983830,0.021975
39.206583000,99.999996,3.406055830,0.430337,0.642276,0.357724,0.008789,5.015831,0.155736
39.247110000,99.999994,0.767298346,0.639098,0.360902,0.572636,-0.063519,5.021758,0.050487
39.288584000,100.000005,4.790527020,0.372709,0.611367,0.627291,0.029930,4.840286,-0.009099
39.330589000,100.000020,2.742972400,0.608223,0.634500,0.365500,0.031126,5.033139,-0.069822
39.371827000,100.000022,0.388619172,0.598921,0.366146,0.633854,0.021279,4.937824,0.125794
39.421610000,100.000021,1.452268310,0.627513,0.372487,0.401372,-0.038522,4.739019,0.089699
39.461749000,100.000019,4.941500450,0.361898,0.572172,0.638102,0.002501,4.895914,0.038436
39.501937000,100.000029,2.167147920,0.642668,0.527572,0.357332,-0.016146,4.868455,0.194679
39.543697000,99.999993,0.021594140,0.511202,0.356984,0.643016,0.019921,4.855926,0.174882
39.584699000,99.999994,3.856022660,0.368502,0.631498,0.415801,0.016886,4.758256,-0.038695
39.626102000,99.999991,1.567662980,0.627646,0.384572,0.372354,-0.013769,4.885125,0.168373
39.667447000,99.999992,5.539290750,0.366626,0.441530,0.633374,-0.012620,4.666501,-0.170886
39.710324000,99.999995,3.840533370,0.365783,0.634217,0.412632,0.047576,4.818799,0.097007
39.751985000,99.999999,1.655379160,0.633624,0.389054,0.366376,0.031100,5.029108,0.064437
39.792990000,100.000020,5.491009300,0.364393,0.449193,0.635607,0.057990,4.708242,-0.090369
39.834005000,99.999997,3.047453580,0.532995,0.641559,0.358441,-0.020003,4.844563,-0.182366
39.875502000,100.000026,0.796699619,0.634112,0.365888,0.554091,-0.008640,4.822985,0.176582
39.916478000,99.999992,4.620729000,0.369068,0.630932,0.608955,-0.052069,4.929190,0.102256
39.959417000,99.999990,2.946770840,0.544869,0.637008,0.362992,0.021278,4.732092,0.069810
40.000765000,99.999981,0.636412115,0.636322,0.363678,0.601937,-0.018538,5.039054,0.080802
40.042527000,99.999976,4.774837290,0.369442,0.616011,0.630558,0.052677,4.775561,0.227125
40.084293000,99.999985,2.631678340,0.624809,0.629542,0.370458,0.020676,5.030826,0.065811
40.124630000,99.999987,6.200106640,0.475789,0.348626,0.651374,-0.001498,5.159656,0.015475
40.164812000,99.999988,3.423349100,0.438233,0.635177,0.364823,-0.043835,4.744164,-0.090258
40.214330000,99.999994,4.380991160,0.349458,0.650542,0.539061,0.035511,4.738559,0.077866
40.255137000,99.999991,1.854233040,0.643754,0.434016,0.356246,-0.041880,5.046847,-0.087267
40.296008000,100.000009,5.636262290,0.371345,0.404973,0.628655,-0.030048,4.747090,0.028552
40.336211000,100.000033,2.867908920,0.554148,0.639984,0.360016,-0.055425,4.859960,0.283961
40.385872000,100.000031,3.882757900,0.360557,0.639443,0.430764,-0.036764,4.921364,0.144006
40.427949000,100.000018,1.864007840,0.640229,0.442475,0.359771,-0.016905,4.891149,0.020690
40.469877000,99.999998,6.068839610,0.448800,0.358484,0.641516,-0.050656,4.906489,0.062928
40.510490000,99.999988,3.464484240,0.407763,0.640257,0.359743,0.061161,5.085811,0.252340
40.552733000,99.999995,1.512127040,0.630306,0.369694,0.397826,0.020272,4.720692,-0.007828
40.593377000,99.999995,5.203356970,0.356496,0.511284,0.643504,-0.050941,4.875643,0.023716
40.633740000,100.000001,2.499002780,0.636186,0.597401,0.363814,-0.059469,5.000626,-0.051059
40.674362000,100.000001,6.181433160,0.476456,0.351395,0.648605,-0.015116,5.063621,0.112104
40.714651000,100.000000,3.447477470,0.439177,0.633219,0.366781,0.042882,4.674266,-0.129749
40.755032000,100.000011,0.750321461,0.635418,0.364582,0.565191,0.001090,4.766921,0.183992
40.798731000,99.999987,5.663549960,0.370076,0.398925,0.629924,0.006208,4.828054,-0.209215
40.842572000,99.999981,4.350391370,0.358792,0.641208,0.542923,-0.027004,4.864128,0.134907
40.887578000,99.999975,3.503230220,0.415466,0.634609,0.365391,-0.062006,4.859782,0.020381
40.931805000,99.999984,2.344469820,0.642654,0.568497,0.357346,-0.039752,5.023194,0.112313
40.975032000,99.999978,0.785711461,0.643829,0.356171,0.570319,0.006794,5.072464,-0.004193
41.015273000,99.999985,4.315738910,0.360401,0.639599,0.542546,-0.026034,4.804917,0.240584
41.055443000,99.999994,1.534181720,0.625158,0.374842,0.375377,-0.054407,4.893337,0.254499
41.095772000,100.000017,5.099412440,0.353810,0.544167,0.646190,-0.058322,5.035711,-0.103332
41.136196000,100.000019,2.419459680,0.634679,0.576385,0.365321,0.026713,4.809326,0.079755
41.176879000,100.000005,6.126290400,0.462047,0.357650,0.642350,-0.046882,4.888198,0.045768
41.217041000,99.999986,3.341532970,0.436236,0.647733,0.352267,-0.055085,5.158067,0.313377
41.257332000,100.000006,0.608374861,0.638646,0.361354,0.606938,-0.004177,5.024575,-0.032326
41.298137000,100.000001,4.364004500,0.362283,0.637717,0.544347,-0.000931,4.754133,0.048513
41.339618000,100.000009,2.106848760,0.642722,0.497872,0.357278,0.030459,4.843847,-0.067142
41.380752000,100.000001,5.994078400,0.429612,0.361992,0.638008,0.027553,4.882744,0.050463
41.420785000,100.000030,3.157722800,0.501976,0.639557,0.360443,0.032611,4.736856,-0.016596
41.462588000,100.000016,1.029368360,0.642876,0.357124,0.514700,0.059755,4.857000,-0.094736
41.512668000,100.000030,2.211814360,0.638890,0.541010,0.361110,-0.021628,4.775580,0.249660
41.553497000,100.000016,5.977046180,0.420767,0.363237,0.636763,0.009254,4.894633,-0.020800
41.594355000,100.000006,3.470693340,0.417948,0.636917,0.363083,0.039603,4.917011,0.062964
41.634631000,99.999999,0.731536888,0.637686,0.362314,0.574226,0.005580,4.892658,0.128797
41.674881000,99.999990,4.265164750,0.346688,0.653312,0.512547,-0.016732,5.207989,-0.120627
41.715283000,100.000004,1.576408590,0.620521,0.380870,0.379479,0.008445,4.709792,0.029201
41.755511000,100.000008,5.101238990,0.359649,0.553242,0.640351,-0.059003,4.905614,-0.080947
41.797524000,100.000001,3.056884090,0.526007,0.642952,0.357048,0.058431,4.807864,0.140299
41.841695000,99.999979,1.875726310,0.643027,0.450842,0.356973,0.033268,4.946231,0.170118
41.882108000,99.999990,5.474554280,0.359262,0.438096,0.640738,-0.028687,4.782130,0.131277
41.922386000,100.000008,2.736198520,0.604529,0.633258,0.366742,0.052891,4.965128,0.006687
41.972135000,100.000000,3.786245090,0.366839,0.633161,0.408274,0.000902,4.862429,0.120732
42.012345000,99.999984,1.020688620,0.640848,0.359152,0.505805,-0.041201,4.781774,0.035954
42.052904000,99.999994,4.677916370,0.372203,0.627797,0.610612,-0.026297,4.942376,-0.155902
42.093297000,99.999998,1.985558850,0.641219,0.480698,0.358781,0.022893,4.803697,0.204220
42.133776000,99.999991,5.610786230,0.363929,0.402962,0.636071,-0.063575,4.991833,0.164704
42.174468000,99.999999,3.038029480,0.515552,0.649491,0.350509,-0.028506,5.078049,0.225463
42.214797000,100.000009,0.320074562,0.576066,0.363822,0.636178,0.018344,4.855711,0.084934
42.255487000,100.000025,4.029705530,0.362650,0.637350,0.474680,0.052195,4.679295,0.287920
42.295670000,100.000008,1.253351590,0.647093,0.352907,0.433342,-0.040532,5.153749,0.264869
42.345719000,99.999999,2.423397160,0.633167,0.572424,0.366833,0.026800,4.888829,0.132444
42.387832000,99.999991,0.419039144,0.604572,0.365107,0.634893,-0.003481,5.015547,0.073205
42.431766000,99.999999,5.426267150,0.362357,0.463485,0.637643,0.017880,4.724750,-0.118592
42.476842000,99.999990,4.607108270,0.367543,0.632457,0.594417,-0.046714,4.861288,-0.053964
42.521201000,100.000012,3.501152190,0.419529,0.627646,0.372354,0.018676,4.610274,-0.046512
42.561788000,100.000006,0.886398310,0.641374,0.358626,0.547393,0.068596,4.887257,-0.040964
42.601984000,99.999999,4.398428350,0.357361,0.642639,0.556086,0.005311,4.961628,0.168724
42.652037000,99.999993,5.570071880,0.368029,0.416264,0.631971,-0.003673,4.767906,0.151991
42.693093000,99.999984,3.142916220,0.503526,0.648016,0.351984,0.025800,5.024245,-0.021494
42.733832000,99.999989,0.588959959,0.631374,0.368626,0.619957,-0.001590,5.040136,-0.071139
