t_sim_s,speed_rad_s,target_rad_s,tcmd_Nm,load_Nm
8.14568,99.3215971,100,0.03534973,0.1
8.194813,98.8376376,100,0.0642390832,0.1
8.23712,98.6102753,100,0.0810565596,0.1
8.282287,98.4978353,100,0.0932388649,0.1
8.323673,98.4747572,100,0.100687289,0.1
8.364821,98.5019205,100,0.105571484,0.1
8.414359,98.5763279,100,0.109100918,0.1
8.456781,98.6611806,100,0.110723271,0.1
8.498347,98.7538755,100,0.11146386,0.1
8.539484,98.8492089,100,0.111627961,0.1
8.582783,98.9491526,100,0.11139654,0.1
8.624628,99.04269,100,0.110919124,0.1
8.669155,99.137073,100,0.110250346,0.1
8.711237,99.2203993,100,0.109537262,0.1
8.753303,99.297555,100,0.108793517,0.1
8.802902,99.3804845,100,0.107921438,0.1
8.843499,99.4420008,100,0.107235137,0.1
8.883962,99.4979137,100,0.106581394,0.1
8.926132,99.5507231,100,0.105944293,0.1
8.966593,99.5965247,100,0.105378586,0.1
9.007687,99.6385326,100,0.10484794,0.1
9.05798,99.6843043,100,0.104259459,0.1
9.0982,99.7168402,100,0.103835651,0.1
9.139071,99.7465766,100,0.103443778,0.1
9.179102,99.772767,100,0.103094633,0.1
9.219216,99.7963299,100,0.10277987,0.1
9.262596,99.8191186,100,0.102473969,0.1
9.304569,99.8387608,100,0.102208757,0.1
9.345932,99.8560707,100,0.101973345,0.1
9.386151,99.8711276,100,0.101768645,0.1
9.427093,99.884846,100,0.101581817,0.1
9.470132,99.8976945,100,0.101406506,0.1
9.512583,99.9089643,100,0.10125288,0.1
9.553462,99.9186799,100,0.101119037,0.1
9.593853,99.9272359,100,0.101001911,0.1
9.637973,99.9355705,100,0.100887416,0.1
9.681032,99.942798,100,0.100787621,0.1
9.721863,99.9488882,100,0.10070392,0.1
9.771686,99.9554745,100,0.10061241,0.1
9.812629,99.9602375,100,0.100546637,0.1
9.853361,99.964454,100,0.10048893,0.1
9.894443,99.9682968,100,0.100434753,0.1
9.937163,99.9718032,100,0.100387164,0.1
9.979021,99.9749042,100,0.100343512,0.1
10.020375,99.9776221,100,0.100305747,0.1
10.060509,99.9799501,100,0.100274269,0.1
10.102127,99.9821497,100,0.100243085,0.1
10.144274,99.9840914,100,0.100217118,0.1
10.185872,99.9858399,100,0.10019224,0.1
10.229388,99.987419,100,0.100171283,0.1
10.270632,99.9887763,100,0.100152415,0.1
10.313229,99.9900219,100,0.100135205,0.1
10.354702,99.9910866,100,0.100121068,0.1
10.399035,99.9920977,100,0.100107784,0.1
10.441413,99.9929626,100,0.100096115,0.1
10.482356,99.9937054,100,0.100086288,0.1
10.525882,99.994414,100,0.100076548,0.1
10.576649,99.9951614,100,0.100065572,0.1
10.61694,99.9956777,100,0.10005824,0.1
10.667442,99.9962272,100,0.100051102,0.1
10.709864,99.9966551,100,0.10004489,0.1
10.752078,99.9970207,100,0.100039769,0.1
10.801438,99.9973999,100,0.100034668,0.1
10.841669,99.9976532,100,0.100031907,0.1
10.890919,99.9979326,100,0.100028656,0.1
10.941413,99.9982087,100,0.100024572,0.1
10.983019,99.99843,100,0.100020427,0.1
11.023904,99.9986081,100,0.100017685,0.1
11.065777,99.9987591,100,0.100015542,0.1
11.106776,99.9989144,100,0.100012491,0.1
11.151888,99.9990477,100,0.100010556,0.1
11.195445,99.999141,100,0.100009808,0.1
11.244205,99.9992316,100,0.100009296,0.1
11.293743,99.999321,100,0.100008309,0.1
11.334294,99.9993933,100,0.100007373,0.1
11.375394,99.9994723,100,0.100006064,0.1
11.416464,99.999539,100,0.100004552,0.1
11.457622,99.999596,100,0.100003432,0.1
11.498905,99.9996152,100,0.100004162,0.1
11.539022,99.9996561,100,0.100003544,0.1
11.579804,99.999697,100,0.100002831,0.1
11.621291,99.9997258,100,0.100002527,0.1
11.663819,99.9997487,100,0.100002487,0.1
11.704237,99.9997841,100,0.100001642,0.1
11.75299,99.9997771,100,0.100003198,0.1
11.793131,99.9998122,100,0.1000022,0.1
11.836315,99.9998333,100,0.100001853,0.1
11.87673,99.9998751,100,0.100000335,0.1
11.918857,99.9998873,100,0.100000127,0.1
11.960359,99.9999094,100,0.0999994565,0.1
12.001784,99.9999186,100,0.0999992504,0.1
12.043181,99.9999136,100,0.0999999294,0.1
12.086429,99.999936,100,0.0999991776,0.1
12.130243,99.9999388,100,0.0999993564,0.1
12.174224,99.9999561,100,0.0999986717,0.1
12.21663,99.9999519,100,0.0999991186,0.1
12.257147,99.9999625,100,0.0999986482,0.1
12.301087,99.9999692,100,0.099998489,0.1
12.342549,99.9999618,100,0.0999989693,0.1
12.382911,99.9999559,100,0.0999994529,0.1
12.427171,99.9999698,100,0.0999987846,0.1
12.467695,99.9999856,100,0.099998328,0.1
12.509488,99.9999648,100,0.0999993612,0.1
12.559484,99.9999651,100,0.0999994243,0.1
12.60188,99.9999558,100,0.0999999381,0.1
12.644413,99.9999531,100,0.100000432,0.1
12.684592,99.999982,100,0.0999989055,0.1
12.725823,99.9999907,100,0.0999986352,0.1
12.768154,99.9999733,100,0.0999995137,0.1
12.810763,99.9999886,100,0.09999896,0.1
12.850793,99.9999955,100,0.0999985534,0.1
12.891367,100.000002,100,0.0999983727,0.1
12.931928,100.000002,100,0.0999982239,0.1
12.981195,99.9999866,100,0.0999992221,0.1
13.031245,99.9999755,100,0.0999996915,0.1
13.072082,99.9999769,100,0.0999996214,0.1
13.114284,99.9999929,100,0.0999992137,0.1
13.155296,99.9999888,100,0.0999990914,0.1
13.198192,100.000006,100,0.0999985877,0.1
13.238734,100.000012,100,0.099998125,0.1
13.280245,100,100,0.0999984503,0.1
13.321706,100.000008,100,0.0999981762,0.1
13.362642,100.000024,100,0.099997405,0.1
13.402722,100.000017,100,0.0999976324,0.1
13.443173,99.9999995,100,0.0999984404,0.1
13.493485,100.00002,100,0.0999973717,0.1
13.534389,100.000007,100,0.0999978334,0.1
13.582544,99.9999837,100,0.0999991082,0.1
13.622682,99.9999901,100,0.099998765,0.1
13.662755,99.9999899,100,0.0999988185,0.1
13.703352,99.9999948,100,0.0999985963,0.1
13.744455,99.9999972,100,0.0999985493,0.1
13.785032,99.9999668,100,0.100000114,0.1
13.835011,99.9999833,100,0.09999942,0.1
13.884345,99.9999772,100,0.0999998291,0.1
13.934497,99.999977,100,0.0999999097,0.1
13.974996,99.9999864,100,0.0999995581,0.1
14.016724,99.9999966,100,0.099998954,0.1
14.059475,99.9999847,100,0.0999997098,0.1
14.10007,99.9999932,100,0.0999992666,0.1
14.140238,99.9999774,100,0.100000119,0.1
14.181934,99.999982,100,0.0999999189,0.1
14.223348,99.9999806,100,0.100000284,0.1
14.264062,99.9999928,100,0.0999995584,0.1
14.304735,99.999993,100,0.0999995149,0.1
14.345097,99.9999951,100,0.0999995389,0.1
14.386395,100.000003,100,0.0999993288,0.1
14.427301,99.9999741,100,0.10000063,0.1
14.469542,100.000004,100,0.099999141,0.1
14.512194,100.000001,100,0.0999993217,0.1
14.553584,100,100,0.0999991448,0.1
14.594255,99.9999978,100,0.0999993071,0.1
14.643673,99.9999986,100,0.0999992634,0.1
14.693515,100.000025,100,0.0999980044,0.1
14.73467,100.000012,100,0.0999986744,0.1
14.784523,100.000008,100,0.0999987434,0.1
14.825396,99.9999754,100,0.100000383,0.1
14.866111,99.9999817,100,0.100000119,0.1
14.9085,99.9999951,100,0.0999995524,0.1
14.950997,100.000017,100,0.0999984101,0.1
14.991804,100.000019,100,0.0999983721,0.1
15.041451,99.9999967,100,0.099999358,0.1
15.081763,100.000012,100,0.0999985337,0.1
15.123027,99.9999998,100,0.0999992651,0.1
15.164137,99.9999952,100,0.0999994623,0.1
15.204473,99.9999801,100,0.100000295,0.1
15.245935,99.9999794,100,0.100000379,0.1
15.286673,100.000005,100,0.0999991904,0.1
15.327568,100.000012,100,0.099998695,0.1
15.369441,99.9999922,100,0.0999996515,0.1
15.410812,100.000004,100,0.0999991138,0.1
15.461013,100.000018,100,0.0999983843,0.1
15.503407,100.00003,100,0.0999977063,0.1
15.545363,100.000018,100,0.099998314,0.1
15.586528,100.00002,100,0.0999980888,0.1
15.626933,100.000029,100,0.0999975705,0.1
15.668349,99.9999958,100,0.0999991623,0.1
15.717889,99.9999967,100,0.0999991019,0.1
15.767665,99.9999911,100,0.0999993662,0.1
15.808858,100.000003,100,0.0999988062,0.1
15.849786,99.9999901,100,0.0999992095,0.1
15.891058,100.000014,100,0.0999981675,0.1
15.931331,100.000016,100,0.0999980586,0.1
15.972386,100.000011,100,0.0999984511,0.1
16.012791,100.000004,100,0.0999986925,0.1
16.063308,99.9999943,100,0.0999990412,0.1
16.106023,99.9999824,100,0.099999756,0.1
16.147349,99.9999911,100,0.0999992554,0.1
16.187832,100.000013,100,0.0999983149,0.1
16.229049,100.000005,100,0.0999986121,0.1
16.269434,100.000009,100,0.0999983959,0.1
16.310838,100.000023,100,0.0999977169,0.1
16.351086,100.000007,100,0.0999984891,0.1
16.391287,100.000013,100,0.0999980715,0.1
16.441239,99.9999991,100,0.0999987285,0.1
16.484314,99.9999963,100,0.0999987968,0.1
16.526727,99.9999941,100,0.0999989605,0.1
16.570341,100.000023,100,0.0999974674,0.1
16.612819,100.000011,100,0.0999980027,0.1
16.656332,100.000003,100,0.0999984336,0.1
16.69712,100.000006,100,0.0999981285,0.1
16.746349,100.000005,100,0.0999981585,0.1
16.7864,99.9999712,100,0.0999999613,0.1
16.827738,99.9999804,100,0.0999995969,0.1
16.868931,99.9999978,100,0.0999987428,0.1
16.909062,100.000002,100,0.0999986433,0.1
16.950375,99.99999,100,0.0999992331,0.1
16.999225,99.9999828,100,0.0999997355,0.1
17.039803,99.9999948,100,0.0999992077,0.1
17.088057,99.9999778,100,0.10000014,0.1
17.131023,99.9999932,100,0.0999993394,0.1
17.172467,100.000004,100,0.0999988169,0.1
17.215422,99.9999998,100,0.0999990371,0.1
17.255504,99.9999868,100,0.0999996763,0.1
17.296183,100.000001,100,0.0999989067,0.1
17.338111,99.9999868,100,0.0999996813,0.1
17.37893,99.9999959,100,0.0999993074,0.1
17.421201,99.9999965,100,0.0999993219,0.1
17.464001,99.9999981,100,0.0999992864,0.1
17.505399,100.000012,100,0.0999984787,0.1
17.547189,99.9999965,100,0.0999992132,0.1
17.589255,99.9999892,100,0.0999995459,0.1
17.632922,100.000004,100,0.0999989042,0.1
17.67383,100.000016,100,0.0999982323,0.1
17.716967,100.000013,100,0.0999983481,0.1
17.758147,100.000011,100,0.0999983858,0.1
17.807472,100.000005,100,0.0999986311,0.1
17.856688,100.000004,100,0.09999856,0.1
17.906636,100.000017,100,0.0999979832,0.1
17.948001,100.000016,100,0.0999979175,0.1
17.988174,100.000004,100,0.0999985522,0.1
18.02858,100.000009,100,0.0999981517,0.1
18.078502,100.000009,100,0.0999981566,0.1
18.118916,99.9999823,100,0.0999994821,0.1
18.168738,100.000003,100,0.0999984115,0.1
18.210144,99.9999923,100,0.0999987768,0.1
18.251901,99.9999948,100,0.0999989539,0.1
18.293201,100.000003,100,0.0999985598,0.1
18.333395,100.000001,100,0.0999987523,0.1
18.373779,99.999996,100,0.0999988748,0.1
18.415934,100.000007,100,0.0999983928,0.1
18.456671,100.000006,100,0.0999984349,0.1
18.498802,99.999992,100,0.0999991108,0.1
18.540753,99.9999912,100,0.0999991504,0.1
18.581136,99.999986,100,0.0999993647,0.1
18.621968,99.9999968,100,0.0999991506,0.1
18.663552,100.000002,100,0.0999986161,0.1
18.704787,100.000016,100,0.0999979814,0.1
18.747061,100.000019,100,0.0999976226,0.1
18.787311,100,100,0.0999985615,0.1
18.828897,99.999998,100,0.0999986864,0.1
18.869802,100.000004,100,0.0999983884,0.1
18.912866,99.9999892,100,0.0999991559,0.1
18.956598,99.999994,100,0.0999990658,0.1
18.997921,100.000018,100,0.0999977456,0.1
19.037958,100.000026,100,0.0999970982,0.1
19.081065,100.000018,100,0.0999975865,0.1
19.123309,100.00001,100,0.0999978971,0.1
19.17317,100.000002,100,0.0999983028,0.1
19.213282,99.9999946,100,0.0999987111,0.1
19.254081,99.9999994,100,0.0999983435,0.1
19.296073,99.9999831,100,0.0999993308,0.1
19.336679,99.9999896,100,0.0999991178,0.1
19.376832,99.9999894,100,0.0999991718,0.1
19.418336,100.000001,100,0.0999985066,0.1
19.459613,100.000002,100,0.0999984358,0.1
19.500231,99.9999933,100,0.0999989358,0.1
19.544503,99.9999868,100,0.0999993158,0.1
19.585154,99.9999719,100,0.100000081,0.1
19.625534,99.9999804,100,0.0999998872,0.1
19.674813,99.9999709,100,0.100000385,0.1
19.724095,99.9999781,100,0.100000151,0.1
19.764858,99.9999901,100,0.0999995246,0.1
19.804889,99.9999967,100,0.0999993852,0.1
19.84766,99.9999868,100,0.0999997765,0.1
19.890816,99.9999976,100,0.0999992739,0.1
19.932191,100.000005,100,0.0999987485,0.1
19.975847,100.000014,100,0.0999984189,0.1
20.016275,100.000007,100,0.0999986347,0.1
20.065929,99.9999969,100,0.0999992313,0.1
20.106791,99.9999734,100,0.100000356,0.1
20.147208,100.661875,100,0.0654763729,0
20.196384,101.153266,100,0.0363584716,0
20.239424,101.387489,100,0.0190930567,0
20.280745,101.495457,100,0.00770774275,0
20.321641,101.525254,100,1.58719224e-05,0
20.363162,101.502609,100,-0.00515300307,0
20.403972,101.446395,100,-0.0083699259,0
20.444597,101.369962,100,-0.0102749861,0
20.494408,101.261162,100,-0.0113953451,0
20.534624,101.168258,100,-0.0116355327,0
20.584594,101.052776,100,-0.0114098707,0
20.633927,100.942874,100,-0.0108340637,0
20.674124,100.858199,100,-0.0102181889,0
20.714333,100.778756,100,-0.00953490159,0
20.757274,100.700144,100,-0.00877768967,0
20.798643,100.630564,100,-0.00804813914,0
20.848317,100.554863,100,-0.00720302241,0
20.889209,100.498665,100,-0.00654493306,0
20.92964,100.448264,100,-0.00593763249,0
20.971417,100.40112,100,-0.00535239627,0
21.012618,100.35923,100,-0.0048225918,0
21.05409,100.321295,100,-0.00433604346,0
21.095639,100.28715,100,-0.00389082214,0
21.135908,100.257429,100,-0.00349976142,0
21.17684,100.230283,100,-0.00313969785,0
21.216884,100.20646,100,-0.00282241551,0
21.257374,100.184819,100,-0.00253150979,0
21.298659,100.165053,100,-0.00226438246,0
21.339774,100.147452,100,-0.00202623604,0
21.380054,100.131996,100,-0.00181535863,0
21.421316,100.117847,100,-0.00162250985,0
21.461891,100.105376,100,-0.00145148758,0
21.502335,100.09429,100,-0.00130025883,0
21.542647,100.084366,100,-0.00116393608,0
21.58286,100.075514,100,-0.00104229475,0
21.623717,100.067465,100,-0.000931584695,0
21.664844,100.060242,100,-0.000832765371,0
21.70543,100.0539,100,-0.000746880763,0
21.755773,100.047011,100,-0.000656104246,0
21.79595,100.042138,100,-0.000591337413,0
21.836605,100.037747,100,-0.000533814963,0
21.877538,100.033846,100,-0.000485209159,0
21.917806,100.030369,100,-0.000440430358,0
21.96764,100.026539,100,-0.000390525235,0
22.009042,100.023719,100,-0.000353475105,0
22.050583,100.02118,100,-0.000319803777,0
22.090682,100.018993,100,-0.000290631747,0
22.131357,100.017031,100,-0.000265683543,0
22.173346,100.015196,100,-0.000241548027,0
22.214204,100.013593,100,-0.000220127118,0
22.255291,100.012132,100,-0.000199865305,0
22.295552,100.010886,100,-0.000183812391,0
22.336138,100.009702,100,-0.000166495147,0
22.385302,100.008466,100,-0.000149254072,0
22.434947,100.007395,100,-0.000135217782,0
22.475556,100.006616,100,-0.000124657078,0
22.516314,100.005917,100,-0.000115109354,0
22.556836,100.005276,100,-0.000105748517,0
22.597105,100.00475,100,-9.96283315e-05,0
22.639568,100.004213,100,-9.15996511e-05,0
22.682227,100.003731,100,-8.46659667e-05,0
22.723129,100.003368,100,-8.09446825e-05,0
22.763309,100.003018,100,-7.63297821e-05,0
22.812921,100.002609,100,-6.97244871e-05,0
22.854744,100.002321,100,-6.56530642e-05,0
22.898363,100.002062,100,-6.20748196e-05,0
22.939166,100.001854,100,-5.99309151e-05,0
22.980083,100.001626,100,-5.54613445e-05,0
23.029889,100.001407,100,-5.20884234e-05,0
23.079233,100.001228,100,-4.95699066e-05,0
23.121474,100.001103,100,-4.82879849e-05,0
23.164399,100.000976,100,-4.63345423e-05,0
23.214919,100.000833,100,-4.38153008e-05,0
23.258259,100.000741,100,-4.27007658e-05,0
23.298513,100.000666,100,-4.18040505e-05,0
23.338655,100.0006,100,-4.11368642e-05,0
23.388729,100.000539,100,-4.07914141e-05,0
23.438268,100.000449,100,-3.8731284e-05,0
23.488144,100.000381,100,-3.76274381e-05,0
23.529641,100.000333,100,-3.66810006e-05,0
23.570778,100.000312,100,-3.67962801e-05,0
23.611624,100.000261,100,-3.55572899e-05,0
23.651809,100.000241,100,-3.55252831e-05,0
23.701838,100.000205,100,-3.47796954e-05,0
23.745053,100.000185,100,-3.45899102e-05,0
23.789281,100.000154,100,-3.39747924e-05,0
23.831994,100.000151,100,-3.44204111e-05,0
23.873088,100.000166,100,-3.58291895e-05,0
23.913233,100.000137,100,-3.49095974e-05,0
23.954924,100.000111,100,-3.41472619e-05,0
23.997686,100.000092,100,-3.38549962e-05,0
24.039355,100.000108,100,-3.48283406e-05,0
24.083221,100.000083,100,-3.40533514e-05,0
24.124784,100.000075,100,-3.41764867e-05,0
24.168549,100.000062,100,-3.38427162e-05,0
24.21109,100.000056,100,-3.35767934e-05,0
24.252838,100.000043,100,-3.32478381e-05,0
24.292865,100.00006,100,-3.41688491e-05,0
24.333227,100.000072,100,-3.50711524e-05,0
24.375525,100.000051,100,-3.43322377e-05,0
24.419419,100.000059,100,-3.49870672e-05,0
24.463577,100.000036,100,-3.43034771e-05,0
24.506494,100.000019,100,-3.32782937e-05,0
24.55633,100.000026,100,-3.38116708e-05,0
24.597191,100.000012,100,-3.29710374e-05,0
24.640122,100.000009,100,-3.29340153e-05,0
24.683218,99.9999977,100,-3.24013554e-05,0
24.726939,99.9999955,100,-3.23005865e-05,0
24.767162,99.9999773,100,-3.13067187e-05,0
24.810157,99.9999937,100,-3.21416586e-05,0
24.852604,100.000001,100,-3.2468435e-05,0
24.893407,100.000001,100,-3.24984977e-05,0
24.934134,100.000019,100,-3.34219002e-05,0
24.977548,100.000017,100,-3.34361638e-05,0
25.021366,100.000019,100,-3.34672528e-05,0
25.062639,99.9999956,100,-3.24656376e-05,0
25.104949,100.000004,100,-3.3065467e-05,0
25.146152,99.9999983,100,-3.26800376e-05,0
25.187322,99.9999863,100,-3.20880824e-05,0
25.229555,100.000002,100,-3.29122847e-05,0
25.272321,99.9999919,100,-3.232816e-05,0
25.314481,99.9999928,100,-3.23764719e-05,0
25.363907,99.9999967,100,-3.2507552e-05,0
25.403989,99.9999912,100,-3.21965955e-05,0
25.453674,100.000009,100,-3.30337293e-05,0
25.49415,99.9999996,100,-3.27982644e-05,0
25.53442,99.9999807,100,-3.1695799e-05,0
25.576504,99.9999936,100,-3.22463852e-05,0
25.626653,99.9999784,100,-3.14155962e-05,0
25.667665,99.9999938,100,-3.217053e-05,0
25.707695,99.9999918,100,-3.20201142e-05,0
25.748019,99.9999925,100,-3.20046869e-05,0
25.79114,99.9999811,100,-3.12129036e-05,0
25.832252,99.999979,100,-3.11784056e-05,0
25.872372,100.00001,100,-3.25799076e-05,0
25.920379,100.000014,100,-3.3134063e-05,0
25.960535,100.000022,100,-3.34330386e-05,0
26.001614,100.000014,100,-3.31221113e-05,0
26.042182,100.000025,100,-3.37547498e-05,0
26.083421,100.000012,100,-3.32178762e-05,0
26.12642,99.9999971,100,-3.26056683e-05,0
26.167739,100.000011,100,-3.33109236e-05,0
26.209156,99.9999929,100,-3.23306071e-05,0
26.249426,99.9999983,100,-3.25658016e-05,0
26.291204,99.9999917,100,-3.22519052e-05,0
26.33158,99.9999894,100,-3.23207164e-05,0
26.38129,100.000002,100,-3.26031432e-05,0
26.424622,100.000037,100,-3.45615161e-05,0
26.468246,100.000018,100,-3.37540737e-05,0
26.509488,100.000006,100,-3.33398837e-05,0
26.550529,100.000026,100,-3.42334696e-05,0
26.600625,100.000029,100,-3.4470626e-05,0
26.649244,100.000017,100,-3.40702173e-05,0
26.69036,99.9999938,100,-3.28465769e-05,0
26.73051,99.9999984,100,-3.30840538e-05,0
26.770999,100.000016,100,-3.39873762e-05,0
26.81127,100.000008,100,-3.35440222e-05,0
26.851782,100,100,-3.30695025e-05,0
26.893693,100.000006,100,-3.33112206e-05,0
26.9343,100.000002,100,-3.30456769e-05,0
26.975155,99.9999973,100,-3.30851596e-05,0
27.015961,99.9999972,100,-3.29265903e-05,0
27.056342,99.9999933,100,-3.27050161e-05,0
27.096924,100.000003,100,-3.32426147e-05,0
27.138363,100.000005,100,-3.34492898e-05,0
27.181756,99.999998,100,-3.32369946e-05,0
27.22213,100.000014,100,-3.38177309e-05,0
27.262429,100.000005,100,-3.33544337e-05,0
27.303627,100.000007,100,-3.34627526e-05,0
27.351363,100.000009,100,-3.3820438e-05,0
27.393192,99.9999901,100,-3.25001023e-05,0
27.43496,99.9999867,100,-3.22679838e-05,0
27.475339,99.9999757,100,-3.17209913e-05,0
27.524778,100.000002,100,-3.28919805e-05,0
27.566015,100,100,-3.29700915e-05,0
27.606246,100.000008,100,-3.34744249e-05,0
27.655479,100.000031,100,-3.45758733e-05,0
27.705398,99.9999893,100,-3.27865164e-05,0
27.75546,99.9999965,100,-3.28967996e-05,0
27.795474,99.9999818,100,-3.21393788e-05,0
27.835999,99.9999802,100,-3.21791847e-05,0
27.876194,99.9999927,100,-3.25580882e-05,0
27.925711,99.9999665,100,-3.11886847e-05,0
27.975956,99.9999877,100,-3.22208026e-05,0
28.016097,99.9999905,100,-3.20983807e-05,0
28.066077,99.9999795,100,-3.16694088e-05,0
28.116283,99.9999895,100,-3.20875912e-05,0
